[
  {
    "title": "2026학년도 전과 모집 공고 관련 추가 안내 （문의사항 답변 공지_계속 업데이트 예정）",
    "type": "학사",
    "major": "any",
    "grade": 0,
    "price": null,
    "start_at": "2025-12-01 00:00:00",
    "end_at": "2026-02-28 23:59:59",
    "content": "전과 지원에 관해 문의사항이 많아서 추가 안내합니다.\nQ. 2025. 12월~ 2026. 2월 사이에 입대휴학 신청 예정인데, 전과 지원할 수 있나요?\nA. 아니요. 개강 전 입대 예정인 학생이 전과 지원하여 합격할 경우 전과는 취소되고, 본인의 귀책으로 전과가 취소된 경우 향후 전과 지원이 불가능합니다.\nQ. 2026년 3월 （입대） 휴학 예정인데, 전과 지원할 수 있나요?\nA. 네. 개강 시점에 ＇재학＇ 상태인 학생이 3월 개강일 이후에 휴학을 신청한다면 가능합니다. 단, 개강일 이전에 미리 （입대）휴학을 신청하면 안됩니다.\nQ. 4학기 등록해서 이제 3학년이 되는데, 2학년으로 전과를 신청할 수 있나요?\nA. 안됩니다. 공고문의 ＇자격조건＇을 확인하고 본인의 자격이 되는 학년으로만 지원할 수 있습니다. 잘못 지원할 경우 자동 탈락됩니다.\nQ. 현재 학과의 전공과목 이수한 학점이 전과 후에도 전공과목 이수한 것으로 되나요?\nA. 아니요. 전과한 학과의 교육과정으로 이수해야 합니다. 미리 전과한 학과의 전공과목을 이수한 경우는 절차를 거쳐 전공으로 인정받을 수 있습니다. （학과 문의 요망）\n따라서 고학년이 전과하는 경우 초과학기를 다녀야 할 수 있음을 인지하세요.\nQ. 전과 합격 후 개강 전에 휴학해도 되나요?\nA.  안됩니다. 개강 전 휴학자는 전과 취소되고 향후 전과 지원 불가능합니다. 등록금 완납 후 개강 이후에 휴학 가능한 기간 내에 휴학할 수 있습니다.",
    "etc": "",
    "url": "https://wwwk.kangwon.ac.kr/www/selectBbsNttView.do?bbsNo=37&nttNo=183422&&pageUnit=10&key=1176&pageIndex=1",
    "board": "학사공지",
    "images": [],
    "summary": "2026학년도 전과 지원 관련 주요 문의사항 답변 공지 (입대휴학, 학년 조건, 전공 학점 인정 등)"
  },
  {
    "title": "2025학년도 겨울 계절수업 수강료 납부안내 （수정. ＇25. 11. 18.）",
    "type": "학사",
    "major": "any",
    "grade": 0,
    "price": null,
    "start_at": "2025-11-18",
    "end_at": "2025-11-20",
    "content": "2025학년도 겨울 계절수업 수강료 납부 안내. 납부기간: 2025.11.18~11.20. 수강료: 강의과목 1학점당 23,000원, 실험실습과목 1학점당 26,000원. 납부 제외 강좌: 사회봉사, 해외어학연수, 현장실습 등. 납부 방법: 신한은행/농협은행 고지서 출력 후 가상계좌 입금. 미납 시 수강신청 내역 삭제됨.",
    "etc": "납부기간 외 시간 이용 가능(단, 공휴일 제외). 입금 후 등록금 납부 여부 확인 필수. 수강신청 취소는 개강 전 취소기간에 가능. 문의: 신한은행 강원대학교지점(033-250-5000), 농협은행 삼척시지부(033-574-1400).",
    "url": "https://wwwk.kangwon.ac.kr/www/selectBbsNttView.do?bbsNo=37&nttNo=183325&&pageUnit=10&key=1176&pageIndex=1",
    "board": "학사공지",
    "images": [
      "https://wwwk.kangwon.ac.kr/DATA/bbs/37/20251113201629426Hf8.jpg",
      "https://wwwk.kangwon.ac.kr/DATA/bbs/37/2025111320162947074g.jpg"
    ],
    "summary": "2025학년도 겨울 계절수업 수강료 납부 안내로, 2025년 11월 18일 수정된 내용에 따라 춘천·삼척 캠퍼스 수강료 납부 제외 강좌 목록이 붙임파일로 제공됨"
  },
  {
    "title": "2026학년도 전과 모집 공고",
    "type": "학사",
    "major": "any",
    "grade": 0,
    "price": null,
    "start_at": "2025-11-24",
    "end_at": "2025-11-28",
    "content": "★ 반드시 첨부한 전과 모집 공고 파일을 숙지한 후 지원하시기 바랍니다.\n★ 아래 대상자는 전과 신청 제외 대상이므로 참고하시기 바랍니다.\n1） 현재 군복무자로 2026학년도 1학기 초 4주 이내에 전역할 수 없는 자\n2） 미래농업융합학부, 스마트팜농산업학과의 재적생\n3） 자유전공학부 재적생 （단, 학생설계전공자는 제외）\n4） 단과대학 자유전공학과（무전공학과） 재적생\n5） 이전에 전과한 자\n※ 전과 합격자 발표일은 2026. 1. 30.（금） 예정입니다.",
    "etc": "합격자 발표일: 2026년 1월 30일. 신청 전 공고문 필수 숙지. 문의처: 춘천 학사지원과(033-250-6013), 삼척 교육지원과(033-570-6209).",
    "url": "https://wwwk.kangwon.ac.kr/www/selectBbsNttView.do?bbsNo=37&nttNo=183108&&pageUnit=10&key=1176&pageIndex=1",
    "board": "학사공지",
    "images": [
      "https://wwwk.kangwon.ac.kr/DATA/bbs/37/202511050916160678WC.jpg"
    ],
    "summary": "2026학년도 전과 모집 공고로, 전과 신청 제외 대상자 및 합격자 발표일(2026. 1. 30.) 정보를 포함하며, 반드시 공고 파일 숙지 후 지원해야 함"
  },
  {
    "title": "2025학년도 겨울 계절수업 수강신청 부정행위（강의매매양도） 금지 안내",
    "type": "학사",
    "major": "any",
    "grade": 0,
    "price": null,
    "start_at": null,
    "end_at": null,
    "content": "2025학년도 겨울 계절수업 수강신청 시 강의 매매/양도 등 부정행위를 금지하며, 부정행위 적발 시 수강신청 취소 및 징계처분 가능. 부정행위 유형에는 강의매매, 매크로 사용, 부정 프로그램 사용, 계정 도용 등이 포함됨. 신고방법은 이메일 또는 방문/유선 신고 가능.",
    "etc": "징계 종류: 근신(3~6일), 유기정학(7~30일), 무기정학, 제명. 휴학 중 징계 시 복학일부터 효력 발생. 문의: 춘천 학사지원과(250-6015), 삼척 교육지원과(670-6425).",
    "url": "https://wwwk.kangwon.ac.kr/www/selectBbsNttView.do?bbsNo=37&nttNo=182972&&pageUnit=10&key=1176&pageIndex=1",
    "board": "학사공지",
    "images": [
      "https://wwwk.kangwon.ac.kr/DATA/bbs/37/20251031103238829Q0L.jpg",
      "https://wwwk.kangwon.ac.kr/DATA/bbs/37/20251031103238871Rla.jpg"
    ],
    "summary": "2025학년도 겨울 계절수업 수강신청 시 강의 매매/양도 등 부정행위를 엄격히 금지하며, 위반 시 징계 조치가 취해질 수 있음을 안내"
  },
  {
    "title": "2025학년도 겨울 계절수업 수업시간표 및 수강신청 안내（수정. ＇25. 11.07.）",
    "type": "학사",
    "major": "any",
    "grade": 0,
    "price": null,
    "start_at": "2025-12-26",
    "end_at": "2026-01-16",
    "content": "* 수정（＇25. 11. 03）: 개설취소 교과목（춘천）\n- 첨단소재나노융합의이해（4739025）\n- 3D프린터활용인문（4739008）\n**수정（＇25. 11. 07.）: 개설 교과목（춘천）\n- 오케스트라2（4244110）\n붙임 1. 2025학년도 강원대학교 겨울 계절수업 운영 계획 안내\n2. 2025학년도 강원대학교 겨울 계절수업 수업시간표（수정）",
    "etc": "의과대학(의예과, 의학과) 별도 기간 운영. 수강신청 시 본인 계좌번호 및 연락처 필수 입력. 재이수 불가, 일정 중복 시 수강 불가. 강의실 변경 가능성 있음. 산학협력단 등 특정 교과목 수강 제한 있음.",
    "url": "https://wwwk.kangwon.ac.kr/www/selectBbsNttView.do?bbsNo=37&nttNo=182875&&pageUnit=10&key=1176&pageIndex=1",
    "board": "학사공지",
    "images": [
      "https://wwwk.kangwon.ac.kr/DATA/bbs/37/20251027170751724wuw.jpg",
      "https://wwwk.kangwon.ac.kr/DATA/bbs/37/20251027175710960Rrt.jpg"
    ],
    "summary": "2025학년도 겨울 계절수업 개강 관련 수정 사항(과목 개설취소 및 추가) 및 운영 계획, 수업시간표 안내"
  },
  {
    "title": "[공지]  [강원글로컬투어랩사업단] 강원 관광 ESG공모전 본선 Presentation 심사결과 공고",
    "type": "공모전",
    "major": "any",
    "grade": 0,
    "price": null,
    "start_at": "2025-11-21",
    "end_at": null,
    "content": "[강원글로컬투어랩사업단] 강원 관광 ESG공모전 본선 Presentation 에 참가한 모든 학생들에게 감사드립니다.\n강원글로컬투어랩에서는 강원 관광 ESG공모전 본선 Presentation 대회 심사 결과를 아래와 같이 공고합니다.\n- 아 래 -\n팀 명\n선발결과\n로켓단\n선발\n시옷삼총사\n선발\n*\n선발팀은 11/24(월)까지 개인정보활용동의서 및 통장사본을 출력\n하여\n학과사무실(글로벌경영관309호)로 제출\n해주세요. (12월 내 입금)\n경영대학장 상장 수여는 다음 주에 팀 대표자에게 개별 안내드리겠습니다.",
    "etc": "",
    "url": "https://tourism.kangwon.ac.kr/tourism/community/notice.do?mode=view&articleNo=543807&article.offset=0&articleLimit=10",
    "board": "학과공지",
    "images": [],
    "summary": "강원 관광 ESG공모전 본선 Presentation 심사결과 발표. 선발팀(로켓단, 시옷삼총사)은 11/24(월)까지 개인정보활용동의서 및 통장사본을 학과사무실에 제출해야 함"
  },
  {
    "title": "[공지]  [강원글로컬투어랩사업단] 강원 글로컬관광 아이디어 탐사대 본선 Presentation 심사결과 공고",
    "type": "공모전",
    "major": "any",
    "grade": 0,
    "price": null,
    "start_at": "2025-11-21",
    "end_at": "2025-11-24 23:59:59",
    "content": "[강원글로컬투어랩사업단] 강원 글로컬관광 아이디어 탐사대 본선 Presentation 에 참가한 모든 학생들에게 감사드립니다.\n강원글로컬투어랩에서는 강원 글로컬관광 아이디어 탐사대 본선 Presentation 대회 심사 결과를 아래와 같이 공고합니다.\n- 아 래 -\n팀 명\n선발결과\n칸쿄오 에후산\n선발\n영삼형제\n선발\n*\n선발팀은 11/24(월)까지 개인정보활용동의서 및 통장사본을 출력\n하여\n학과사무실(글로벌경영관309호)로 제출\n해주세요. (12월 내 입금)\n경영대학장 상장 수여는 다음 주에 팀 대표자에게 개별 안내드리겠습니다.",
    "etc": "",
    "url": "https://tourism.kangwon.ac.kr/tourism/community/notice.do?mode=view&articleNo=543806&article.offset=0&articleLimit=10",
    "board": "학과공지",
    "images": [],
    "summary": "강원 글로컬관광 아이디어 탐사대 본선 Presentation 심사결과 선발팀은 '칸쿄오 에후산'과 '영삼형제'이며, 11/24(월)까지 학과사무실에 개인정보활용동의서 및 통장사본을 제출해야 함"
  },
  {
    "title": "[공지]  2026학년도 1학기 국가근로장학생 장애학생도우미 신청 안내",
    "type": "학사",
    "major": "any",
    "grade": 0,
    "price": 12430,
    "start_at": "2025-11-19",
    "end_at": "2025-12-19 18:00:00",
    "content": "가. 내 용: 국가근로장학생 장애학생도우미 신청\n나. 신청대상:\n2026\n학년도\n1\n학기 재학생\n(\n학부생\n)\n다. 신청기간: 2025. 11. 20.(목) 09:00 ~ 12. 19.(금) 18:00\n라. 근로기간: 2026학년도 1학기\n마. 근로내용: 장애대학생 이동지원, 강의․보고서․시험대필 등 학습지원, 의사소통 지원 활동 등\n바. 장 학 금: 국가근로장학금(시간당12,430원), 월 최대 40시간 가능\n사. 자격요건: 직전학기 성적 2.0 이상, 12학점 이상 수강 학생\n아. 신청방법:\n도우미 요청서\n(\n붙임\n1)\n및 장애학생도우미 신청서\n(\n붙임\n2)\n작성 후 담당자\n이메일\n(knu@kangwon.ac.kr)\n제출\n자. 지원대상\n1) 중증 장애대학생(우선 지원, 도우미 최대 2명 배정 가능)\n2) 경증 장애대학생(심의 후 선발 가능, 도우미 1명 배정 가능)\n차. 문 의: 장애학생지원센터 이상열(내선: 7469)\n붙임 1. [장애학생] 도우미 요청서 1부.\n2. [도우미학생] 장애학생도우미 신청서 1부. 끝.",
    "etc": "",
    "url": "https://tourism.kangwon.ac.kr/tourism/community/notice.do?mode=view&articleNo=543621&article.offset=0&articleLimit=10",
    "board": "학과공지",
    "images": [],
    "summary": "2026학년도 1학기 국가근로장학생 장애학생도우미 신청 안내. 신청기간은 2025년 11월 20일부터 12월 19일까지이며, 시간당 12,430원의 장학금이 지급됩니다."
  },
  {
    "title": "[공지]  2026학년도 1학기 국가근로장학금 학생신청기간 안내",
    "type": "장학금",
    "major": "any",
    "grade": 0,
    "price": null,
    "start_at": "2025-11-18",
    "end_at": "2025-12-26 18:00:00",
    "content": "가\n.\n신청기간\n: 2025. 11. 20.\n(\n목\n)\n09:00\n∼\n12. 26.\n(\n금\n)\n18:00\n※ 주말 및 공휴일 포함 신청기간 내 24시간 신청 가능, 단 시작일 및 마감일은 제외\n※ 춘천캠퍼스는 추가(2차) 신청기간 없음\n나. 신청방법\n- 홈페이지: 한국장학재단 홈페이지(\nwww.kosaf.go.kr\n) → 장학금 → 장학금신청 → 신청서 작성\n- 모 바 일: 한국장학재단 앱 접속 → 왼쪽 메뉴 클릭 → 로그인 후 하단의 원클릭 신청\n※ 자세한 신청방법은 [붙임] 매뉴얼 참고\n- 문 의 처: 한국장학재단 상담센터(☎ 1599-2290)\n다. 기타사항: 2026년 하계방학 집중근로 프로그램에 참여를 원하는 학생의 경우, 반드시 이번 기간에 국가근로장학금을 신청하여야 하며\n이후 추가 신청기간 없음\n.\n붙 임 1. 2026학년도 1학기 국가근로장학금 학생신청 매뉴얼(홈페이지) 1부.\n2. 2026학년도 1학기 국가근로장학금 학생신청 매뉴얼(모바일) 1부. 끝.",
    "etc": "",
    "url": "https://tourism.kangwon.ac.kr/tourism/community/notice.do?mode=view&articleNo=543448&article.offset=0&articleLimit=10",
    "board": "학과공지",
    "images": [],
    "summary": "2026학년도 1학기 국가근로장학금 신청기간은 2025.11.20~12.26까지이며, 한국장학재단 홈페이지 또는 앱으로 신청 가능. 춘천캠퍼스는 추가 신청기간 없음"
  },
  {
    "title": "[공지]  2026년 1학기 국가장학금 1차 신청 안내",
    "type": "장학금",
    "major": "any",
    "grade": 0,
    "price": null,
    "start_at": "2025-11-17",
    "end_at": "2026-01-02 18:00:00",
    "content": "가. 2026년 1학기 국가장학금 1차 신청 안내\nㅇ (국가장학금 신청)\n’25. 11. 20.(\n목\n) 9\n시\n~ 12. 26.(\n금\n) 18\n시\nㅇ (서류 제출 및 가구원 동의)\n’25. 11. 20.(\n목\n) 9\n시\n~ ’26. 1. 2.(\n금\n) 18\n시\nㅇ (신청 대상) 재학생, 신입생(고3, 재수생 등 입학예정자), 편입생, 재입학생, 복학생 등 모든 대학생\n※\n재학생은\n1\n차 신청이 원칙\n이며, 재학 중 2회에 한해 2차 신청으로 수혜 가능\nㅇ (신청 방법) 한국장학재단 누리집(www.kosaf.go.kr) 및 모바일 앱에서 신청\nㅇ (신청 문의) 한국장학재단 상담센터(☎ 1599-2000)\n나. 협조 요청사항\n1) 모든 대학생이 국가장학금을 신청하여 등록금 부담을 경감할 수 있도록 적극 홍보\n- (온라인) 단과대학·학과별 홈페이지, 모바일 앱, SNS 등에 국가장학금 신청 안내 공지\n- (개별 안내) 소속 학과 재학생 대상 SMS, 모바일 앱 알림 등을 통한 안내\n2) 우선감면 등 원활한 등록금 납부를 위한\n조기신청 권장\n안내\n※ 학자금 지원구간 산정 기간: 8주 내외\n3) 국가장학금 미신청자는 재난장학금 지원이 불가하므로, 특별재난지역 내 피해가구 대학생은 반드시 국가장학금을 신청할 수 있도록 안내\n붙 임 1. 2026년 1학기 국가장학금 1차 신청 홍보 포스터 1부.\n2. (홈페이지) 2026년 1학기 국가장학금 1차 신청매뉴얼 1부.\n3. (모바일) 2026년 1학기 국가장학금 1차 신청매뉴얼 1부. 끝.",
    "etc": "",
    "url": "https://tourism.kangwon.ac.kr/tourism/community/notice.do?mode=view&articleNo=543336&article.offset=0&articleLimit=10",
    "board": "학과공지",
    "images": [],
    "summary": "2026년 1학기 국가장학금 1차 신청을 11월 20일부터 12월 26일까지 진행하며, 서류 제출 및 가구원 동의는 2026년 1월 2일까지 가능합니다. 재학생, 신입생, 편입생 등 모든 대학생이 신청 대상이며, 한국장학재단 누리집 또는 모바일 앱으로 신청해야 합니다."
  },
  {
    "title": "KNU 1:1 맞춤형 면접 컨설팅 프로그램 안내",
    "type": "취업",
    "major": "any",
    "grade": 0,
    "price": null,
    "start_at": "2025-11-06",
    "end_at": null,
    "content": "면접 걱정? 자소서 고민? 이젠 온라인에서 1:1로 해결하자!취업 준비하다 보면 막히는 순",
    "etc": "",
    "url": null,
    "board": "대학일자리플러스",
    "images": [],
    "summary": "KNU 1:1 맞춤형 면접 컨설팅 프로그램으로 온라인 상에서 1:1 면접 및 자기소개서 작성 지도를 받을 수 있음"
  },
  {
    "title": "공무원·공기업 준비생 지원 프로그램 『GO公행진!』 선발 결과 및 오리엔테이션 안내",
    "type": "취업",
    "major": "any",
    "grade": 0,
    "price": null,
    "start_at": "2025-11-04",
    "end_at": null,
    "content": "[국립대학육성사업] 공무원&middot;공기업 준비생 지원 프로그램 『GO公행진!』 선발 ",
    "etc": "",
    "url": null,
    "board": "대학일자리플러스",
    "images": [],
    "summary": "공무원·공기업 준비생 지원 프로그램 『GO公행진!』의 선발 결과 발표 및 오리엔테이션 안내"
  },
  {
    "title": "강원 우수기업 탐방프로그램 [휴젤] 참가자 모집 ",
    "type": "취업",
    "major": "any",
    "grade": 0,
    "price": null,
    "start_at": "2025-11-03",
    "end_at": null,
    "content": "신청유형: ①기업탐방+입사지원서 특강                ②입사지원서 특강신청링크 ",
    "etc": "",
    "url": "신청링크",
    "board": "대학일자리플러스",
    "images": [],
    "summary": "강원 우수기업 휴젤 탐방 및 입사지원서 특강 참가자 모집"
  },
  {
    "title": "제약‧바이오 분야 직무 역량강화를 위한 『제약‧바이오분야 현직자』직무 특강",
    "type": "취업",
    "major": "any",
    "grade": 0,
    "price": null,
    "start_at": "2025-10-20",
    "end_at": null,
    "content": "제약‧바이오 분야 직무 역량강화를 위한 『제약‧바이오분야 현직자』직무 특강을 다음과 같이 ",
    "etc": "",
    "url": null,
    "board": "대학일자리플러스",
    "images": [],
    "summary": "제약‧바이오 분야 직무 역량강화를 위한 현직자 직무 특강 개최"
  },
  {
    "title": "한국관광공사 오픈 캠퍼스 참가자 모집 (관광 공기업 기업탐방)",
    "type": "취업",
    "major": "any",
    "grade": 0,
    "price": null,
    "start_at": "2025-10-10",
    "end_at": null,
    "content": "좀처럼 가보기 힘든 그곳, 그러나 누구나 가고싶어 하는 그곳!이번 가을엔 한국관광공사 가보",
    "etc": "",
    "url": null,
    "board": "대학일자리플러스",
    "images": [],
    "summary": "한국관광공사 오픈 캠퍼스 참가자 모집으로 관광 공기업 기업탐방 기회 제공"
  },
  {
    "title": "2025년 대학일자리플러스센터 정책 체감도 및 만족도 조사",
    "type": "일반공지",
    "major": "any",
    "grade": 0,
    "price": null,
    "start_at": "2025-11-03",
    "end_at": null,
    "content": "고용노동부와 한국고용정보원에서는 &lsquo;2025년 대학일자리플러스센터 정책 체감도 및",
    "etc": "",
    "url": null,
    "board": "대학일자리플러스",
    "images": [],
    "summary": "고용노동부와 한국고용정보원에서 시행하는 '2025년 대학일자리플러스센터 정책 체감도 및 만족도 조사'에 관한 안내 공지"
  },
  {
    "title": "AWS 클라우드 자격증(SAA) 과정 운영 안내",
    "type": "취업",
    "major": "any",
    "grade": 0,
    "price": null,
    "start_at": "2025-10-29",
    "end_at": null,
    "content": "『AWS 클라우드 자격증(SAA)』 과정을 다음과 같이 운영하오니 관심 있는 학생들은 적극",
    "etc": "",
    "url": null,
    "board": "대학일자리플러스",
    "images": [],
    "summary": "AWS 클라우드 자격증(SAA) 과정 운영 안내로, 관심 있는 학생들의 적극적인 참여를 권장함"
  },
  {
    "title": "공무원·공기업 준비생 지원 프로그램 『GO公행진!』 신청 안내",
    "type": "취업",
    "major": "any",
    "grade": 0,
    "price": null,
    "start_at": "2025-10-22",
    "end_at": null,
    "content": "공무원&middot;공기업 취업을 목표로 하는 재학생을 대상으로, 공무원&middot;공기",
    "etc": "",
    "url": null,
    "board": "대학일자리플러스",
    "images": [],
    "summary": "공무원·공기업 취업 준비생을 위한 『GO公행진!』 프로그램 신청 안내"
  },
  {
    "title": "해외 취업 사기 주의 및 안내",
    "type": "취업",
    "major": "any",
    "grade": 0,
    "price": null,
    "start_at": "2025-10-21",
    "end_at": null,
    "content": "최근 학생들을 현혹하는 해외 취업 사기 시도 (캄보디아 등)가 늘고 있어, 여러분의 안전한",
    "etc": "",
    "url": null,
    "board": "대학일자리플러스",
    "images": [],
    "summary": "최근 캄보디아 등 해외 취업 사기 사례가 증가함에 따라 학생들에게 주의를 당부하고 사기 예방 정보를 안내하는 공지"
  }
]